algorithm,n_clusters,n_noise,max_cluster_share,degenerate,silhouette,davies_bouldin,calinski_harabasz,stability_mean_ari,stability_std_ari
kmeans,6,0,0.44732693134585066,False,0.1409321520082536,1.6208675524694847,882.2103616606386,0.8267739984684983,0.24294654207604566
gmm_full,6,0,0.5756055611294253,False,0.06299295677687866,2.5036315165727205,461.6115993186169,0.8644179228909652,0.05317653395545964
gmm_diag,6,0,0.47656585925182743,False,0.0454867156579729,2.1739203307972548,519.9306851868548,0.5093707821139952,0.2864313711086638
ahc_ward,6,0,0.4997850078830443,False,0.1348623450555478,1.647107799176643,714.3381329924466,0.36742490514872295,0.07364312712059212
ahc_avg,6,0,0.9964167980507381,True,0.6935093289929047,0.40318085974384354,189.42608261063387,0.7950312552022416,0.08445169078571144
spectral,6,0,0.6971477712483876,False,0.21892782256548343,1.2910261952377637,603.6979168729284,0.7515871013751926,0.2183367165112642
dbscan,1,189,1.0,True,,,,0.9822838230589118,0.014369506157596362
