algorithm,n_clusters,n_noise,max_cluster_share,degenerate,silhouette,davies_bouldin,calinski_harabasz,stability_mean_ari,stability_std_ari
kmeans,5,0,0.5932349147197936,False,0.2010566422342327,1.428216039322939,927.8152297314806,0.8928446122382635,0.1390709884007417
gmm_full,5,0,0.6064210978930773,False,0.06515170575810661,2.5715250562843632,506.3269486273703,0.8282445622995285,0.1250693553898199
gmm_diag,5,0,0.39630213558836175,False,0.0928607354495322,2.1260321601767727,672.4947147107708,0.49679282468123703,0.31006902997722197
ahc_ward,5,0,0.4997850078830443,False,0.14312364505652156,1.6957804202459414,739.3366444394594,0.36556830590832645,0.06756636652398387
ahc_avg,5,0,0.9964167980507381,True,0.6937602645087833,0.4657605679057385,233.15714313250317,0.7298620357052988,0.2266622070893821
spectral,5,0,0.7025942382112655,False,0.2297662265787619,1.3942170883536291,528.5673073511683,0.7898329959057466,0.07777551829259406
dbscan,1,189,1.0,True,,,,0.9822838230589118,0.014369506157596362
