algorithm,n_clusters,n_noise,max_cluster_share,degenerate,silhouette,davies_bouldin,calinski_harabasz,stability_mean_ari,stability_std_ari
kmeans,7,0,0.35445033682098326,False,0.11685004380446325,1.6516700581924422,829.6187350666683,0.8679657535481067,0.1402841525879492
gmm_full,7,0,0.5563995986813817,False,0.07910721721388446,2.2486333549514694,439.8547984706208,0.7613266629646505,0.15351898565319944
gmm_diag,7,0,0.3441307152071091,False,0.08560593005453343,1.8683336528425394,577.6733554753376,0.2912775495046944,0.02592331181169738
ahc_ward,7,0,0.4997850078830443,False,0.13560290272101821,1.4807494904798755,681.9208738632564,0.365618950116999,0.07176770576823396
ahc_avg,7,0,0.994266876881181,True,0.6595623837811271,0.5705149307792602,190.20502835752217,0.8638659683507953,0.03797968106580149
spectral,7,0,0.46638956571592377,False,0.10833004871673092,1.5645923077105177,565.4917350528552,0.3294398967752149,0.11348128060138638
dbscan,1,189,1.0,True,,,,0.9822838230589118,0.014369506157596362
