algorithm,n_clusters,n_noise,max_cluster_share,degenerate,silhouette,davies_bouldin,calinski_harabasz,stability_mean_ari,stability_std_ari
kmeans,8,0,0.2738999570015766,False,0.10390173535925568,1.7529142672160027,775.205210435298,0.6124780749239991,0.15045393818606106
gmm_full,8,0,0.481868998136735,False,0.030537617897503894,2.2252034921945265,534.0242117924387,0.5180239600267891,0.12994134552937137
gmm_diag,8,0,0.4037551956428264,False,0.04664499289036454,2.3270086579890874,499.7783468161474,0.7255610709525258,0.19833029994336843
ahc_ward,8,0,0.4997850078830443,False,0.1419172628436129,1.3886125447205155,656.9441291614235,0.3676575571725547,0.0685371348722011
ahc_avg,8,0,0.9941235488032105,True,0.6380946051378003,0.5506599805521472,165.17655895184214,0.8738112965087173,0.03940256396874198
spectral,8,0,0.4693994553533037,False,0.14451450901637064,1.5062347350257173,523.8319493165523,0.6752549079433778,0.18013692318976776
dbscan,1,189,1.0,True,,,,0.9822838230589118,0.014369506157596362
