algorithm,n_clusters,max_cluster_share,degenerate,ari,nmi,v_measure,fmi,silhouette
kmeans,10,0.1603813559322034,False,0.2880835699080966,0.41812395396512564,0.41812395396512564,0.36942650625909107,0.13741554434823025
gmm_full,10,0.22415254237288135,False,0.216122506913267,0.3521555822772,0.3521555822772,0.31386658198247436,0.11760657749778157
gmm_diag,10,0.149364406779661,False,0.2768121508902804,0.4087729760377277,0.4087729760377277,0.3550982519875872,0.10046515166138467
ahc_ward,10,0.31186440677966104,False,0.213014197797115,0.3582822497506731,0.35828224975067313,0.32222957773381555,0.10922107763710485
ahc_avg,10,0.7305084745762712,False,0.10106893768173895,0.3822729956762053,0.3822729956762053,0.35210919230877485,0.263096387978846
spectral,10,0.3040254237288136,False,0.19745953510433778,0.3940104632494424,0.39401046324944244,0.3237031341739773,0.130101111052399
dbscan,1,1.0,True,0.0007869940646321445,0.020644132803554868,0.020644132803554868,0.3091618627871111,
